{
    "BLEU Score": 0.06087405847859549,
    "ROUGE Scores": {
        "rouge-1.r": 0.2439987342325389,
        "rouge-1.p": 0.48248068172290104,
        "rouge-1.f": 0.2785607792311111,
        "rouge-2.r": 0.1069560154905444,
        "rouge-2.p": 0.2717032259098302,
        "rouge-2.f": 0.12291222530093954,
        "rouge-l.r": 0.22954818781327033,
        "rouge-l.p": 0.462504837927274,
        "rouge-l.f": 0.26427067103587043
    }
}