{
    "BLEU Score": 0.042464271055563524,
    "ROUGE Scores": {
        "rouge-1.r": 0.22910883708295854,
        "rouge-1.p": 0.4038402864132327,
        "rouge-1.f": 0.26019991256332214,
        "rouge-2.r": 0.09548034365813166,
        "rouge-2.p": 0.20272941143614487,
        "rouge-2.f": 0.11248578520624895,
        "rouge-l.r": 0.21842469481178162,
        "rouge-l.p": 0.3900391127730129,
        "rouge-l.f": 0.24950861546832837
    }
}